ProjectID 	Name                                                                                              	StartTime               	Deadline                	TimeEstimate 	Busy 	MoveCount 	Path                                                                                                                                                                                   	Deleted 	FolderType
        1 	Develop_testing                                                                                   	NULL                    	NULL                    	           0 	   0 	        0 	\                                                                                                                                                                                      	      0 	         1
        2 	No Project                                                                                        	NULL                    	NULL                    	           0 	   0 	        0 	NULL                                                                                                                                                                                   	      0 	         1
        3 	Data                                                                                              	2019-11-08 00:22:30.000 	NULL                    	           0 	   0 	        7 	\other\Data\                                                                                                                                                                           	      0 	         1
        4 	test assembly                                                                                     	2019-11-08 00:22:53.000 	NULL                    	           0 	   0 	        2 	\other\Data\test assembly\                                                                                                                                                             	      0 	         1
        5 	confi_assy                                                                                        	2019-11-13 12:30:51.000 	NULL                    	           0 	   0 	        2 	\other\Data\confi_assy\                                                                                                                                                                	      0 	         1
        6 	ukazka                                                                                            	2019-11-20 00:33:18.000 	NULL                    	           0 	   0 	        2 	\other\Data\ukazka\                                                                                                                                                                    	      0 	         1
        7 	Data pro vyrobu                                                                                   	2019-11-28 14:11:26.120 	NULL                    	           0 	   0 	        3 	\other\Data pro vyrobu\                                                                                                                                                                	      0 	         1
        8 	Knihovna                                                                                          	2019-11-28 14:11:27.117 	NULL                    	           0 	   0 	        3 	\other\Knihovna\                                                                                                                                                                       	      0 	         1
        9 	Normalky BeF                                                                                      	2019-11-28 14:11:27.333 	NULL                    	           0 	   0 	        0 	\other\Knihovna\Normalky BeF\                                                                                                                                                          	      0 	         1
       10 	Pripravky                                                                                         	2019-11-28 14:11:27.440 	NULL                    	           0 	   0 	        1 	\other\Pripravky\                                                                                                                                                                      	      0 	         1
       11 	Projekty                                                                                          	2019-11-28 14:11:27.700 	NULL                    	           0 	   0 	        1 	\other\Projekty\                                                                                                                                                                       	      0 	         1
       12 	Jednotne dily                                                                                     	2019-11-28 14:11:27.700 	NULL                    	           0 	   0 	        0 	\other\Projekty\Jednotne dily\                                                                                                                                                         	      1 	         1
       13 	BEF                                                                                               	2019-11-28 05:12:02.000 	NULL                    	           0 	   0 	        2 	\other\Data\BEF\                                                                                                                                                                       	      0 	         1
       14 	jelinek                                                                                           	2019-12-11 01:54:11.000 	NULL                    	           0 	   0 	        2 	\other\Data\jelinek\                                                                                                                                                                   	      0 	         1
       15 	Flabo Komoda v2                                                                                   	2019-12-11 01:54:18.000 	NULL                    	           0 	   0 	        1 	\other\Data\jelinek\Flabo Komoda v2\                                                                                                                                                   	      0 	         1
       16 	CAD Export                                                                                        	2019-12-11 01:54:18.000 	NULL                    	           0 	   0 	        1 	\other\Data\jelinek\Flabo Komoda v2\CAD Export\                                                                                                                                        	      0 	         1
       17 	CNC                                                                                               	2019-12-11 01:54:18.000 	NULL                    	           0 	   0 	        1 	\other\Data\jelinek\Flabo Komoda v2\CAD Export\CNC\                                                                                                                                    	      0 	         1
       18 	SCM_CYFLEX                                                                                        	2019-12-11 01:54:18.000 	NULL                    	           0 	   0 	        1 	\other\Data\jelinek\Flabo Komoda v2\CAD Export\CNC\SCM_CYFLEX\                                                                                                                         	      0 	         1
       19 	WeekeVenture4XL2017_JN                                                                            	2019-12-11 01:54:18.000 	NULL                    	           0 	   0 	        1 	\other\Data\jelinek\Flabo Komoda v2\CAD Export\CNC\WeekeVenture4XL2017_JN\                                                                                                             	      0 	         1
       20 	CSV                                                                                               	2019-12-11 01:54:18.000 	NULL                    	           0 	   0 	        1 	\other\Data\jelinek\Flabo Komoda v2\CAD Export\CSV\                                                                                                                                    	      0 	         1
       21 	DXFS                                                                                              	2019-12-11 01:54:18.000 	NULL                    	           0 	   0 	        1 	\other\Data\jelinek\Flabo Komoda v2\CAD Export\DXFS\                                                                                                                                   	      0 	         1
       22 	Ostani_soubory                                                                                    	2019-12-11 01:54:18.000 	NULL                    	           0 	   0 	        1 	\other\Data\jelinek\Flabo Komoda v2\CAD Export\Ostani_soubory\                                                                                                                         	      0 	         1
       23 	HTML-vystupy                                                                                      	2019-12-11 01:54:18.000 	NULL                    	           0 	   0 	        1 	\other\Data\jelinek\Flabo Komoda v2\CAD Export\Ostani_soubory\HTML-vystupy\                                                                                                            	      0 	         1
       24 	CABS                                                                                              	2019-12-11 01:54:18.000 	NULL                    	           0 	   0 	        1 	\other\Data\jelinek\Flabo Komoda v2\CAD Export\Ostani_soubory\HTML-vystupy\CABS\                                                                                                       	      0 	         1
       25 	IMAGE                                                                                             	2019-12-11 01:54:18.000 	NULL                    	           0 	   0 	        1 	\other\Data\jelinek\Flabo Komoda v2\CAD Export\Ostani_soubory\HTML-vystupy\IMAGE\                                                                                                      	      0 	         1
       26 	dv_stred_Dvere__Flabo Komoda v2_3_Výchozí_PANELDETAILS_.png                                       	2019-12-11 01:54:18.000 	NULL                    	           0 	   0 	        1 	\other\Data\jelinek\Flabo Komoda v2\CAD Export\Ostani_soubory\HTML-vystupy\IMAGE\dv_stred_Dvere__Flabo Komoda v2_3_Výchozí_PANELDETAILS_.png\                                          	      0 	         1
       27 	IMAGES_LBPROG                                                                                     	2019-12-11 01:54:18.000 	NULL                    	           0 	   0 	        1 	\other\Data\jelinek\Flabo Komoda v2\CAD Export\Ostani_soubory\HTML-vystupy\IMAGE\IMAGES_LBPROG\                                                                                        	      0 	         1
       28 	Mbok Pravy_MOVENTO_MOVENTOblu_MOV_blu_18_MOV_blu_18_Flabo Komoda v2_5_CORE_STOCK_.png             	2019-12-11 01:54:18.000 	NULL                    	           0 	   0 	        1 	\other\Data\jelinek\Flabo Komoda v2\CAD Export\Ostani_soubory\HTML-vystupy\IMAGE\Mbok Pravy_MOVENTO_MOVENTOblu_MOV_blu_18_MOV_blu_18_Flabo Komoda v2_5_CORE_STOCK_.png\                	      0 	         1
       29 	Mbok Pravy_MOVENTO_MOVENTOblu_MOV_blu_18_MOV_blu_18_Flabo Komoda v2_5_Default_PANELDETAILS_.png   	2019-12-11 01:54:18.000 	NULL                    	           0 	   0 	        1 	\other\Data\jelinek\Flabo Komoda v2\CAD Export\Ostani_soubory\HTML-vystupy\IMAGE\Mbok Pravy_MOVENTO_MOVENTOblu_MOV_blu_18_MOV_blu_18_Flabo Komoda v2_5_Default_PANELDETAILS_.png\      	      0 	         1
       30 	Mbok Pravy_MOVENTO_MOVENTOblu_MOV_blu_18_MOV_blu_18_Flabo Komoda v2_5_Default_PANELMAIN_.png      	2019-12-11 01:54:18.000 	NULL                    	           0 	   0 	        1 	\other\Data\jelinek\Flabo Komoda v2\CAD Export\Ostani_soubory\HTML-vystupy\IMAGE\Mbok Pravy_MOVENTO_MOVENTOblu_MOV_blu_18_MOV_blu_18_Flabo Komoda v2_5_Default_PANELMAIN_.png\         	      0 	         1
       31 	Mbok Pravy_MOVENTO_MOVENTOblu_MOV_blu_18_MOV_blu_18_Flabo Komoda v2_5_STOC_K_.png                 	2019-12-11 01:54:18.000 	NULL                    	           0 	   0 	        1 	\other\Data\jelinek\Flabo Komoda v2\CAD Export\Ostani_soubory\HTML-vystupy\IMAGE\Mbok Pravy_MOVENTO_MOVENTOblu_MOV_blu_18_MOV_blu_18_Flabo Komoda v2_5_STOC_K_.png\                    	      0 	         1
       32 	Mbok Pravy_MOVENTO_MOVENTOblu_MOV_blu_18_MOV_blu_18_Flabo Komoda v2_6_CORE_STOCK_.png             	2019-12-11 01:54:18.000 	NULL                    	           0 	   0 	        1 	\other\Data\jelinek\Flabo Komoda v2\CAD Export\Ostani_soubory\HTML-vystupy\IMAGE\Mbok Pravy_MOVENTO_MOVENTOblu_MOV_blu_18_MOV_blu_18_Flabo Komoda v2_6_CORE_STOCK_.png\                	      0 	         1
       33 	Mbok Pravy_MOVENTO_MOVENTOblu_MOV_blu_18_MOV_blu_18_Flabo Komoda v2_6_Default_PANELDETAILS_.png   	2019-12-11 01:54:18.000 	NULL                    	           0 	   0 	        1 	\other\Data\jelinek\Flabo Komoda v2\CAD Export\Ostani_soubory\HTML-vystupy\IMAGE\Mbok Pravy_MOVENTO_MOVENTOblu_MOV_blu_18_MOV_blu_18_Flabo Komoda v2_6_Default_PANELDETAILS_.png\      	      0 	         1
       34 	Mbok Pravy_MOVENTO_MOVENTOblu_MOV_blu_18_MOV_blu_18_Flabo Komoda v2_6_Default_PANELMAIN_.png      	2019-12-11 01:54:18.000 	NULL                    	           0 	   0 	        1 	\other\Data\jelinek\Flabo Komoda v2\CAD Export\Ostani_soubory\HTML-vystupy\IMAGE\Mbok Pravy_MOVENTO_MOVENTOblu_MOV_blu_18_MOV_blu_18_Flabo Komoda v2_6_Default_PANELMAIN_.png\         	      0 	         1
       35 	Mbok Pravy_MOVENTO_MOVENTOblu_MOV_blu_18_MOV_blu_18_Flabo Komoda v2_6_STOC_K_.png                 	2019-12-11 01:54:18.000 	NULL                    	           0 	   0 	        1 	\other\Data\jelinek\Flabo Komoda v2\CAD Export\Ostani_soubory\HTML-vystupy\IMAGE\Mbok Pravy_MOVENTO_MOVENTOblu_MOV_blu_18_MOV_blu_18_Flabo Komoda v2_6_STOC_K_.png\                    	      0 	         1
       36 	Mbok Pravy_MOVENTO_MOVENTOblu_MOV_blu_18_MOV_blu_18_Flabo Komoda v2_7_CORE_STOCK_.png             	2019-12-11 01:54:18.000 	NULL                    	           0 	   0 	        1 	\other\Data\jelinek\Flabo Komoda v2\CAD Export\Ostani_soubory\HTML-vystupy\IMAGE\Mbok Pravy_MOVENTO_MOVENTOblu_MOV_blu_18_MOV_blu_18_Flabo Komoda v2_7_CORE_STOCK_.png\                	      0 	         1
       37 	Mbok Pravy_MOVENTO_MOVENTOblu_MOV_blu_18_MOV_blu_18_Flabo Komoda v2_7_Default_PANELDETAILS_.png   	2019-12-11 01:54:18.000 	NULL                    	           0 	   0 	        1 	\other\Data\jelinek\Flabo Komoda v2\CAD Export\Ostani_soubory\HTML-vystupy\IMAGE\Mbok Pravy_MOVENTO_MOVENTOblu_MOV_blu_18_MOV_blu_18_Flabo Komoda v2_7_Default_PANELDETAILS_.png\      	      0 	         1
       38 	Mbok Pravy_MOVENTO_MOVENTOblu_MOV_blu_18_MOV_blu_18_Flabo Komoda v2_7_Default_PANELMAIN_.png      	2019-12-11 01:54:18.000 	NULL                    	           0 	   0 	        1 	\other\Data\jelinek\Flabo Komoda v2\CAD Export\Ostani_soubory\HTML-vystupy\IMAGE\Mbok Pravy_MOVENTO_MOVENTOblu_MOV_blu_18_MOV_blu_18_Flabo Komoda v2_7_Default_PANELMAIN_.png\         	      0 	         1
       39 	Mbok Pravy_MOVENTO_MOVENTOblu_MOV_blu_18_MOV_blu_18_Flabo Komoda v2_7_STOC_K_.png                 	2019-12-11 01:54:18.000 	NULL                    	           0 	   0 	        1 	\other\Data\jelinek\Flabo Komoda v2\CAD Export\Ostani_soubory\HTML-vystupy\IMAGE\Mbok Pravy_MOVENTO_MOVENTOblu_MOV_blu_18_MOV_blu_18_Flabo Komoda v2_7_STOC_K_.png\                    	      0 	         1
       40 	Mbok Pravy_MOVENTO_MOVENTOblu_MOV_blu_18_MOV_blu_18_Flabo Komoda v2_8_CORE_STOCK_.png             	2019-12-11 01:54:18.000 	NULL                    	           0 	   0 	        1 	\other\Data\jelinek\Flabo Komoda v2\CAD Export\Ostani_soubory\HTML-vystupy\IMAGE\Mbok Pravy_MOVENTO_MOVENTOblu_MOV_blu_18_MOV_blu_18_Flabo Komoda v2_8_CORE_STOCK_.png\                	      0 	         1
       41 	Mbok Pravy_MOVENTO_MOVENTOblu_MOV_blu_18_MOV_blu_18_Flabo Komoda v2_8_Default_PANELDETAILS_.png   	2019-12-11 01:54:18.000 	NULL                    	           0 	   0 	        1 	\other\Data\jelinek\Flabo Komoda v2\CAD Export\Ostani_soubory\HTML-vystupy\IMAGE\Mbok Pravy_MOVENTO_MOVENTOblu_MOV_blu_18_MOV_blu_18_Flabo Komoda v2_8_Default_PANELDETAILS_.png\      	      0 	         1
       42 	Mbok Pravy_MOVENTO_MOVENTOblu_MOV_blu_18_MOV_blu_18_Flabo Komoda v2_8_Default_PANELMAIN_.png      	2019-12-11 01:54:18.000 	NULL                    	           0 	   0 	        1 	\other\Data\jelinek\Flabo Komoda v2\CAD Export\Ostani_soubory\HTML-vystupy\IMAGE\Mbok Pravy_MOVENTO_MOVENTOblu_MOV_blu_18_MOV_blu_18_Flabo Komoda v2_8_Default_PANELMAIN_.png\         	      0 	         1
       43 	Mbok Pravy_MOVENTO_MOVENTOblu_MOV_blu_18_MOV_blu_18_Flabo Komoda v2_8_STOC_K_.png                 	2019-12-11 01:54:18.000 	NULL                    	           0 	   0 	        1 	\other\Data\jelinek\Flabo Komoda v2\CAD Export\Ostani_soubory\HTML-vystupy\IMAGE\Mbok Pravy_MOVENTO_MOVENTOblu_MOV_blu_18_MOV_blu_18_Flabo Komoda v2_8_STOC_K_.png\                    	      0 	         1
       44 	MDno zasuvky_MOVENTO_MOVENTOblu_MOV_blu_18_MOV_blu_18_Flabo Komoda v2_5_Default_PANELDETAILS_.png 	2019-12-11 01:54:18.000 	NULL                    	           0 	   0 	        1 	\other\Data\jelinek\Flabo Komoda v2\CAD Export\Ostani_soubory\HTML-vystupy\IMAGE\MDno zasuvky_MOVENTO_MOVENTOblu_MOV_blu_18_MOV_blu_18_Flabo Komoda v2_5_Default_PANELDETAILS_.png\    	      0 	         1
       45 	MDno zasuvky_MOVENTO_MOVENTOblu_MOV_blu_18_MOV_blu_18_Flabo Komoda v2_5_Default_PANELMAIN_.png    	2019-12-11 01:54:18.000 	NULL                    	           0 	   0 	        1 	\other\Data\jelinek\Flabo Komoda v2\CAD Export\Ostani_soubory\HTML-vystupy\IMAGE\MDno zasuvky_MOVENTO_MOVENTOblu_MOV_blu_18_MOV_blu_18_Flabo Komoda v2_5_Default_PANELMAIN_.png\       	      0 	         1
       46 	MDno zasuvky_MOVENTO_MOVENTOblu_MOV_blu_18_MOV_blu_18_Flabo Komoda v2_6_Default_PANELDETAILS_.png 	2019-12-11 01:54:18.000 	NULL                    	           0 	   0 	        1 	\other\Data\jelinek\Flabo Komoda v2\CAD Export\Ostani_soubory\HTML-vystupy\IMAGE\MDno zasuvky_MOVENTO_MOVENTOblu_MOV_blu_18_MOV_blu_18_Flabo Komoda v2_6_Default_PANELDETAILS_.png\    	      0 	         1
       47 	MDno zasuvky_MOVENTO_MOVENTOblu_MOV_blu_18_MOV_blu_18_Flabo Komoda v2_6_Default_PANELMAIN_.png    	2019-12-11 01:54:18.000 	NULL                    	           0 	   0 	        1 	\other\Data\jelinek\Flabo Komoda v2\CAD Export\Ostani_soubory\HTML-vystupy\IMAGE\MDno zasuvky_MOVENTO_MOVENTOblu_MOV_blu_18_MOV_blu_18_Flabo Komoda v2_6_Default_PANELMAIN_.png\       	      0 	         1
       48 	MDno zasuvky_MOVENTO_MOVENTOblu_MOV_blu_18_MOV_blu_18_Flabo Komoda v2_7_Default_PANELDETAILS_.png 	2019-12-11 01:54:18.000 	NULL                    	           0 	   0 	        1 	\other\Data\jelinek\Flabo Komoda v2\CAD Export\Ostani_soubory\HTML-vystupy\IMAGE\MDno zasuvky_MOVENTO_MOVENTOblu_MOV_blu_18_MOV_blu_18_Flabo Komoda v2_7_Default_PANELDETAILS_.png\    	      0 	         1
       49 	MDno zasuvky_MOVENTO_MOVENTOblu_MOV_blu_18_MOV_blu_18_Flabo Komoda v2_7_Default_PANELMAIN_.png    	2019-12-11 01:54:18.000 	NULL                    	           0 	   0 	        1 	\other\Data\jelinek\Flabo Komoda v2\CAD Export\Ostani_soubory\HTML-vystupy\IMAGE\MDno zasuvky_MOVENTO_MOVENTOblu_MOV_blu_18_MOV_blu_18_Flabo Komoda v2_7_Default_PANELMAIN_.png\       	      0 	         1
       50 	MDno zasuvky_MOVENTO_MOVENTOblu_MOV_blu_18_MOV_blu_18_Flabo Komoda v2_8_Default_PANELDETAILS_.png 	2019-12-11 01:54:18.000 	NULL                    	           0 	   0 	        1 	\other\Data\jelinek\Flabo Komoda v2\CAD Export\Ostani_soubory\HTML-vystupy\IMAGE\MDno zasuvky_MOVENTO_MOVENTOblu_MOV_blu_18_MOV_blu_18_Flabo Komoda v2_8_Default_PANELDETAILS_.png\    	      0 	         1
       51 	MDno zasuvky_MOVENTO_MOVENTOblu_MOV_blu_18_MOV_blu_18_Flabo Komoda v2_8_Default_PANELMAIN_.png    	2019-12-11 01:54:18.000 	NULL                    	           0 	   0 	        1 	\other\Data\jelinek\Flabo Komoda v2\CAD Export\Ostani_soubory\HTML-vystupy\IMAGE\MDno zasuvky_MOVENTO_MOVENTOblu_MOV_blu_18_MOV_blu_18_Flabo Komoda v2_8_Default_PANELMAIN_.png\       	      0 	         1
       52 	Mezistena1_Pole_mezisten_Flabo Komoda v2_1_Default_PANELDETAILS_.png                              	2019-12-11 01:54:18.000 	NULL                    	           0 	   0 	        1 	\other\Data\jelinek\Flabo Komoda v2\CAD Export\Ostani_soubory\HTML-vystupy\IMAGE\Mezistena1_Pole_mezisten_Flabo Komoda v2_1_Default_PANELDETAILS_.png\                                 	      0 	         1
       53 	Mezistena1_Pole_mezisten_Flabo Komoda v2_1_Default_PANELMAIN_.png                                 	2019-12-11 01:54:18.000 	NULL                    	           0 	   0 	        1 	\other\Data\jelinek\Flabo Komoda v2\CAD Export\Ostani_soubory\HTML-vystupy\IMAGE\Mezistena1_Pole_mezisten_Flabo Komoda v2_1_Default_PANELMAIN_.png\                                    	      0 	         1
       54 	Mezistena2_Pole_mezisten_Flabo Komoda v2_1_Default_PANELDETAILS_.png                              	2019-12-11 01:54:18.000 	NULL                    	           0 	   0 	        1 	\other\Data\jelinek\Flabo Komoda v2\CAD Export\Ostani_soubory\HTML-vystupy\IMAGE\Mezistena2_Pole_mezisten_Flabo Komoda v2_1_Default_PANELDETAILS_.png\                                 	      0 	         1
       55 	Mezistena2_Pole_mezisten_Flabo Komoda v2_1_Default_PANELMAIN_.png                                 	2019-12-11 01:54:18.000 	NULL                    	           0 	   0 	        1 	\other\Data\jelinek\Flabo Komoda v2\CAD Export\Ostani_soubory\HTML-vystupy\IMAGE\Mezistena2_Pole_mezisten_Flabo Komoda v2_1_Default_PANELMAIN_.png\                                    	      0 	         1
       56 	MLevy bok_MOVENTO_MOVENTOblu_MOV_blu_18_MOV_blu_18_Flabo Komoda v2_5_CORE_STOCK_.png              	2019-12-11 01:54:18.000 	NULL                    	           0 	   0 	        1 	\other\Data\jelinek\Flabo Komoda v2\CAD Export\Ostani_soubory\HTML-vystupy\IMAGE\MLevy bok_MOVENTO_MOVENTOblu_MOV_blu_18_MOV_blu_18_Flabo Komoda v2_5_CORE_STOCK_.png\                 	      0 	         1
       57 	MLevy bok_MOVENTO_MOVENTOblu_MOV_blu_18_MOV_blu_18_Flabo Komoda v2_5_Default_PANELDETAILS_.png    	2019-12-11 01:54:18.000 	NULL                    	           0 	   0 	        1 	\other\Data\jelinek\Flabo Komoda v2\CAD Export\Ostani_soubory\HTML-vystupy\IMAGE\MLevy bok_MOVENTO_MOVENTOblu_MOV_blu_18_MOV_blu_18_Flabo Komoda v2_5_Default_PANELDETAILS_.png\       	      0 	         1
       58 	MLevy bok_MOVENTO_MOVENTOblu_MOV_blu_18_MOV_blu_18_Flabo Komoda v2_5_Default_PANELMAIN_.png       	2019-12-11 01:54:18.000 	NULL                    	           0 	   0 	        1 	\other\Data\jelinek\Flabo Komoda v2\CAD Export\Ostani_soubory\HTML-vystupy\IMAGE\MLevy bok_MOVENTO_MOVENTOblu_MOV_blu_18_MOV_blu_18_Flabo Komoda v2_5_Default_PANELMAIN_.png\          	      0 	         1
       59 	MLevy bok_MOVENTO_MOVENTOblu_MOV_blu_18_MOV_blu_18_Flabo Komoda v2_5_STOC_K_.png                  	2019-12-11 01:54:19.000 	NULL                    	           0 	   0 	        1 	\other\Data\jelinek\Flabo Komoda v2\CAD Export\Ostani_soubory\HTML-vystupy\IMAGE\MLevy bok_MOVENTO_MOVENTOblu_MOV_blu_18_MOV_blu_18_Flabo Komoda v2_5_STOC_K_.png\                     	      0 	         1
       60 	MLevy bok_MOVENTO_MOVENTOblu_MOV_blu_18_MOV_blu_18_Flabo Komoda v2_6_CORE_STOCK_.png              	2019-12-11 01:54:19.000 	NULL                    	           0 	   0 	        1 	\other\Data\jelinek\Flabo Komoda v2\CAD Export\Ostani_soubory\HTML-vystupy\IMAGE\MLevy bok_MOVENTO_MOVENTOblu_MOV_blu_18_MOV_blu_18_Flabo Komoda v2_6_CORE_STOCK_.png\                 	      0 	         1
       61 	MLevy bok_MOVENTO_MOVENTOblu_MOV_blu_18_MOV_blu_18_Flabo Komoda v2_6_Default_PANELDETAILS_.png    	2019-12-11 01:54:19.000 	NULL                    	           0 	   0 	        1 	\other\Data\jelinek\Flabo Komoda v2\CAD Export\Ostani_soubory\HTML-vystupy\IMAGE\MLevy bok_MOVENTO_MOVENTOblu_MOV_blu_18_MOV_blu_18_Flabo Komoda v2_6_Default_PANELDETAILS_.png\       	      0 	         1
       62 	MLevy bok_MOVENTO_MOVENTOblu_MOV_blu_18_MOV_blu_18_Flabo Komoda v2_6_Default_PANELMAIN_.png       	2019-12-11 01:54:19.000 	NULL                    	           0 	   0 	        1 	\other\Data\jelinek\Flabo Komoda v2\CAD Export\Ostani_soubory\HTML-vystupy\IMAGE\MLevy bok_MOVENTO_MOVENTOblu_MOV_blu_18_MOV_blu_18_Flabo Komoda v2_6_Default_PANELMAIN_.png\          	      0 	         1
       63 	MLevy bok_MOVENTO_MOVENTOblu_MOV_blu_18_MOV_blu_18_Flabo Komoda v2_6_STOC_K_.png                  	2019-12-11 01:54:19.000 	NULL                    	           0 	   0 	        1 	\other\Data\jelinek\Flabo Komoda v2\CAD Export\Ostani_soubory\HTML-vystupy\IMAGE\MLevy bok_MOVENTO_MOVENTOblu_MOV_blu_18_MOV_blu_18_Flabo Komoda v2_6_STOC_K_.png\                     	      0 	         1
       64 	MLevy bok_MOVENTO_MOVENTOblu_MOV_blu_18_MOV_blu_18_Flabo Komoda v2_7_CORE_STOCK_.png              	2019-12-11 01:54:19.000 	NULL                    	           0 	   0 	        1 	\other\Data\jelinek\Flabo Komoda v2\CAD Export\Ostani_soubory\HTML-vystupy\IMAGE\MLevy bok_MOVENTO_MOVENTOblu_MOV_blu_18_MOV_blu_18_Flabo Komoda v2_7_CORE_STOCK_.png\                 	      0 	         1
       65 	MLevy bok_MOVENTO_MOVENTOblu_MOV_blu_18_MOV_blu_18_Flabo Komoda v2_7_Default_PANELDETAILS_.png    	2019-12-11 01:54:19.000 	NULL                    	           0 	   0 	        1 	\other\Data\jelinek\Flabo Komoda v2\CAD Export\Ostani_soubory\HTML-vystupy\IMAGE\MLevy bok_MOVENTO_MOVENTOblu_MOV_blu_18_MOV_blu_18_Flabo Komoda v2_7_Default_PANELDETAILS_.png\       	      0 	         1
       66 	MLevy bok_MOVENTO_MOVENTOblu_MOV_blu_18_MOV_blu_18_Flabo Komoda v2_7_Default_PANELMAIN_.png       	2019-12-11 01:54:19.000 	NULL                    	           0 	   0 	        1 	\other\Data\jelinek\Flabo Komoda v2\CAD Export\Ostani_soubory\HTML-vystupy\IMAGE\MLevy bok_MOVENTO_MOVENTOblu_MOV_blu_18_MOV_blu_18_Flabo Komoda v2_7_Default_PANELMAIN_.png\          	      0 	         1
       67 	MLevy bok_MOVENTO_MOVENTOblu_MOV_blu_18_MOV_blu_18_Flabo Komoda v2_7_STOC_K_.png                  	2019-12-11 01:54:19.000 	NULL                    	           0 	   0 	        1 	\other\Data\jelinek\Flabo Komoda v2\CAD Export\Ostani_soubory\HTML-vystupy\IMAGE\MLevy bok_MOVENTO_MOVENTOblu_MOV_blu_18_MOV_blu_18_Flabo Komoda v2_7_STOC_K_.png\                     	      0 	         1
       68 	MLevy bok_MOVENTO_MOVENTOblu_MOV_blu_18_MOV_blu_18_Flabo Komoda v2_8_CORE_STOCK_.png              	2019-12-11 01:54:19.000 	NULL                    	           0 	   0 	        1 	\other\Data\jelinek\Flabo Komoda v2\CAD Export\Ostani_soubory\HTML-vystupy\IMAGE\MLevy bok_MOVENTO_MOVENTOblu_MOV_blu_18_MOV_blu_18_Flabo Komoda v2_8_CORE_STOCK_.png\                 	      0 	         1
       69 	MLevy bok_MOVENTO_MOVENTOblu_MOV_blu_18_MOV_blu_18_Flabo Komoda v2_8_Default_PANELDETAILS_.png    	2019-12-11 01:54:19.000 	NULL                    	           0 	   0 	        1 	\other\Data\jelinek\Flabo Komoda v2\CAD Export\Ostani_soubory\HTML-vystupy\IMAGE\MLevy bok_MOVENTO_MOVENTOblu_MOV_blu_18_MOV_blu_18_Flabo Komoda v2_8_Default_PANELDETAILS_.png\       	      0 	         1
       70 	MLevy bok_MOVENTO_MOVENTOblu_MOV_blu_18_MOV_blu_18_Flabo Komoda v2_8_Default_PANELMAIN_.png       	2019-12-11 01:54:19.000 	NULL                    	           0 	   0 	        1 	\other\Data\jelinek\Flabo Komoda v2\CAD Export\Ostani_soubory\HTML-vystupy\IMAGE\MLevy bok_MOVENTO_MOVENTOblu_MOV_blu_18_MOV_blu_18_Flabo Komoda v2_8_Default_PANELMAIN_.png\          	      0 	         1
       71 	MLevy bok_MOVENTO_MOVENTOblu_MOV_blu_18_MOV_blu_18_Flabo Komoda v2_8_STOC_K_.png                  	2019-12-11 01:54:19.000 	NULL                    	           0 	   0 	        1 	\other\Data\jelinek\Flabo Komoda v2\CAD Export\Ostani_soubory\HTML-vystupy\IMAGE\MLevy bok_MOVENTO_MOVENTOblu_MOV_blu_18_MOV_blu_18_Flabo Komoda v2_8_STOC_K_.png\                     	      0 	         1
       72 	Movento-Blu-450-L_MOVENTOblu_MOV_blu_18_MOV_blu_18_Flabo Komoda v2_5_Výchozí_PANELDETAILS_.png    	2019-12-11 01:54:19.000 	NULL                    	           0 	   0 	        1 	\other\Data\jelinek\Flabo Komoda v2\CAD Export\Ostani_soubory\HTML-vystupy\IMAGE\Movento-Blu-450-L_MOVENTOblu_MOV_blu_18_MOV_blu_18_Flabo Komoda v2_5_Výchozí_PANELDETAILS_.png\       	      0 	         1
       73 	Movento-Blu-450-L_MOVENTOblu_MOV_blu_18_MOV_blu_18_Flabo Komoda v2_5_Výchozí_PANELMAIN_.png       	2019-12-11 01:54:19.000 	NULL                    	           0 	   0 	        1 	\other\Data\jelinek\Flabo Komoda v2\CAD Export\Ostani_soubory\HTML-vystupy\IMAGE\Movento-Blu-450-L_MOVENTOblu_MOV_blu_18_MOV_blu_18_Flabo Komoda v2_5_Výchozí_PANELMAIN_.png\          	      0 	         1
       74 	Movento-Blu-450-L_MOVENTOblu_MOV_blu_18_MOV_blu_18_Flabo Komoda v2_6_Výchozí_PANELDETAILS_.png    	2019-12-11 01:54:19.000 	NULL                    	           0 	   0 	        1 	\other\Data\jelinek\Flabo Komoda v2\CAD Export\Ostani_soubory\HTML-vystupy\IMAGE\Movento-Blu-450-L_MOVENTOblu_MOV_blu_18_MOV_blu_18_Flabo Komoda v2_6_Výchozí_PANELDETAILS_.png\       	      0 	         1
       75 	Movento-Blu-450-L_MOVENTOblu_MOV_blu_18_MOV_blu_18_Flabo Komoda v2_6_Výchozí_PANELMAIN_.png       	2019-12-11 01:54:19.000 	NULL                    	           0 	   0 	        1 	\other\Data\jelinek\Flabo Komoda v2\CAD Export\Ostani_soubory\HTML-vystupy\IMAGE\Movento-Blu-450-L_MOVENTOblu_MOV_blu_18_MOV_blu_18_Flabo Komoda v2_6_Výchozí_PANELMAIN_.png\          	      0 	         1
       76 	Movento-Blu-450-L_MOVENTOblu_MOV_blu_18_MOV_blu_18_Flabo Komoda v2_7_Výchozí_PANELDETAILS_.png    	2019-12-11 01:54:19.000 	NULL                    	           0 	   0 	        1 	\other\Data\jelinek\Flabo Komoda v2\CAD Export\Ostani_soubory\HTML-vystupy\IMAGE\Movento-Blu-450-L_MOVENTOblu_MOV_blu_18_MOV_blu_18_Flabo Komoda v2_7_Výchozí_PANELDETAILS_.png\       	      0 	         1
       77 	Movento-Blu-450-L_MOVENTOblu_MOV_blu_18_MOV_blu_18_Flabo Komoda v2_7_Výchozí_PANELMAIN_.png       	2019-12-11 01:54:19.000 	NULL                    	           0 	   0 	        1 	\other\Data\jelinek\Flabo Komoda v2\CAD Export\Ostani_soubory\HTML-vystupy\IMAGE\Movento-Blu-450-L_MOVENTOblu_MOV_blu_18_MOV_blu_18_Flabo Komoda v2_7_Výchozí_PANELMAIN_.png\          	      0 	         1
       78 	Movento-Blu-450-L_MOVENTOblu_MOV_blu_18_MOV_blu_18_Flabo Komoda v2_8_Výchozí_PANELDETAILS_.png    	2019-12-11 01:54:19.000 	NULL                    	           0 	   0 	        1 	\other\Data\jelinek\Flabo Komoda v2\CAD Export\Ostani_soubory\HTML-vystupy\IMAGE\Movento-Blu-450-L_MOVENTOblu_MOV_blu_18_MOV_blu_18_Flabo Komoda v2_8_Výchozí_PANELDETAILS_.png\       	      0 	         1
       79 	Movento-Blu-450-L_MOVENTOblu_MOV_blu_18_MOV_blu_18_Flabo Komoda v2_8_Výchozí_PANELMAIN_.png       	2019-12-11 01:54:19.000 	NULL                    	           0 	   0 	        1 	\other\Data\jelinek\Flabo Komoda v2\CAD Export\Ostani_soubory\HTML-vystupy\IMAGE\Movento-Blu-450-L_MOVENTOblu_MOV_blu_18_MOV_blu_18_Flabo Komoda v2_8_Výchozí_PANELMAIN_.png\          	      0 	         1
       80 	Movento-Blu-450-P_MOVENTOblu_MOV_blu_18_MOV_blu_18_Flabo Komoda v2_5_Výchozí_PANELDETAILS_.png    	2019-12-11 01:54:19.000 	NULL                    	           0 	   0 	        1 	\other\Data\jelinek\Flabo Komoda v2\CAD Export\Ostani_soubory\HTML-vystupy\IMAGE\Movento-Blu-450-P_MOVENTOblu_MOV_blu_18_MOV_blu_18_Flabo Komoda v2_5_Výchozí_PANELDETAILS_.png\       	      0 	         1
       81 	Movento-Blu-450-P_MOVENTOblu_MOV_blu_18_MOV_blu_18_Flabo Komoda v2_5_Výchozí_PANELMAIN_.png       	2019-12-11 01:54:19.000 	NULL                    	           0 	   0 	        1 	\other\Data\jelinek\Flabo Komoda v2\CAD Export\Ostani_soubory\HTML-vystupy\IMAGE\Movento-Blu-450-P_MOVENTOblu_MOV_blu_18_MOV_blu_18_Flabo Komoda v2_5_Výchozí_PANELMAIN_.png\          	      0 	         1
       82 	Movento-Blu-450-P_MOVENTOblu_MOV_blu_18_MOV_blu_18_Flabo Komoda v2_6_Výchozí_PANELDETAILS_.png    	2019-12-11 01:54:19.000 	NULL                    	           0 	   0 	        1 	\other\Data\jelinek\Flabo Komoda v2\CAD Export\Ostani_soubory\HTML-vystupy\IMAGE\Movento-Blu-450-P_MOVENTOblu_MOV_blu_18_MOV_blu_18_Flabo Komoda v2_6_Výchozí_PANELDETAILS_.png\       	      0 	         1
       83 	Movento-Blu-450-P_MOVENTOblu_MOV_blu_18_MOV_blu_18_Flabo Komoda v2_6_Výchozí_PANELMAIN_.png       	2019-12-11 01:54:19.000 	NULL                    	           0 	   0 	        1 	\other\Data\jelinek\Flabo Komoda v2\CAD Export\Ostani_soubory\HTML-vystupy\IMAGE\Movento-Blu-450-P_MOVENTOblu_MOV_blu_18_MOV_blu_18_Flabo Komoda v2_6_Výchozí_PANELMAIN_.png\          	      0 	         1
       84 	Movento-Blu-450-P_MOVENTOblu_MOV_blu_18_MOV_blu_18_Flabo Komoda v2_7_Výchozí_PANELDETAILS_.png    	2019-12-11 01:54:19.000 	NULL                    	           0 	   0 	        1 	\other\Data\jelinek\Flabo Komoda v2\CAD Export\Ostani_soubory\HTML-vystupy\IMAGE\Movento-Blu-450-P_MOVENTOblu_MOV_blu_18_MOV_blu_18_Flabo Komoda v2_7_Výchozí_PANELDETAILS_.png\       	      0 	         1
       85 	Movento-Blu-450-P_MOVENTOblu_MOV_blu_18_MOV_blu_18_Flabo Komoda v2_7_Výchozí_PANELMAIN_.png       	2019-12-11 01:54:19.000 	NULL                    	           0 	   0 	        1 	\other\Data\jelinek\Flabo Komoda v2\CAD Export\Ostani_soubory\HTML-vystupy\IMAGE\Movento-Blu-450-P_MOVENTOblu_MOV_blu_18_MOV_blu_18_Flabo Komoda v2_7_Výchozí_PANELMAIN_.png\          	      0 	         1
       86 	Movento-Blu-450-P_MOVENTOblu_MOV_blu_18_MOV_blu_18_Flabo Komoda v2_8_Výchozí_PANELDETAILS_.png    	2019-12-11 01:54:19.000 	NULL                    	           0 	   0 	        1 	\other\Data\jelinek\Flabo Komoda v2\CAD Export\Ostani_soubory\HTML-vystupy\IMAGE\Movento-Blu-450-P_MOVENTOblu_MOV_blu_18_MOV_blu_18_Flabo Komoda v2_8_Výchozí_PANELDETAILS_.png\       	      0 	         1
       87 	Movento-Blu-450-P_MOVENTOblu_MOV_blu_18_MOV_blu_18_Flabo Komoda v2_8_Výchozí_PANELMAIN_.png       	2019-12-11 01:54:19.000 	NULL                    	           0 	   0 	        1 	\other\Data\jelinek\Flabo Komoda v2\CAD Export\Ostani_soubory\HTML-vystupy\IMAGE\Movento-Blu-450-P_MOVENTOblu_MOV_blu_18_MOV_blu_18_Flabo Komoda v2_8_Výchozí_PANELMAIN_.png\          	      0 	         1
       88 	Mpredek_MOVENTO_MOVENTOblu_MOV_blu_18_MOV_blu_18_Flabo Komoda v2_5_CORE_STOCK_.png                	2019-12-11 01:54:19.000 	NULL                    	           0 	   0 	        1 	\other\Data\jelinek\Flabo Komoda v2\CAD Export\Ostani_soubory\HTML-vystupy\IMAGE\Mpredek_MOVENTO_MOVENTOblu_MOV_blu_18_MOV_blu_18_Flabo Komoda v2_5_CORE_STOCK_.png\                   	      0 	         1
       89 	Mpredek_MOVENTO_MOVENTOblu_MOV_blu_18_MOV_blu_18_Flabo Komoda v2_5_Default_PANELDETAILS_.png      	2019-12-11 01:54:19.000 	NULL                    	           0 	   0 	        1 	\other\Data\jelinek\Flabo Komoda v2\CAD Export\Ostani_soubory\HTML-vystupy\IMAGE\Mpredek_MOVENTO_MOVENTOblu_MOV_blu_18_MOV_blu_18_Flabo Komoda v2_5_Default_PANELDETAILS_.png\         	      0 	         1
       90 	Mpredek_MOVENTO_MOVENTOblu_MOV_blu_18_MOV_blu_18_Flabo Komoda v2_5_Default_PANELMAIN_.png         	2019-12-11 01:54:19.000 	NULL                    	           0 	   0 	        1 	\other\Data\jelinek\Flabo Komoda v2\CAD Export\Ostani_soubory\HTML-vystupy\IMAGE\Mpredek_MOVENTO_MOVENTOblu_MOV_blu_18_MOV_blu_18_Flabo Komoda v2_5_Default_PANELMAIN_.png\            	      0 	         1
       91 	Mpredek_MOVENTO_MOVENTOblu_MOV_blu_18_MOV_blu_18_Flabo Komoda v2_5_STOC_K_.png                    	2019-12-11 01:54:19.000 	NULL                    	           0 	   0 	        1 	\other\Data\jelinek\Flabo Komoda v2\CAD Export\Ostani_soubory\HTML-vystupy\IMAGE\Mpredek_MOVENTO_MOVENTOblu_MOV_blu_18_MOV_blu_18_Flabo Komoda v2_5_STOC_K_.png\                       	      0 	         1
     2194 	altium                                                                                            	2022-01-12 12:19:20.000 	NULL                    	           0 	   0 	        2 	\altium\                                                                                                                                                                               	      0 	         1
     2196 	templates                                                                                         	2022-01-14 11:25:16.000 	NULL                    	           0 	   0 	        1 	\templates\                                                                                                                                                                            	      0 	         1
       92 	Mpredek_MOVENTO_MOVENTOblu_MOV_blu_18_MOV_blu_18_Flabo Komoda v2_6_CORE_STOCK_.png                	2019-12-11 01:54:19.000 	NULL                    	           0 	   0 	        1 	\other\Data\jelinek\Flabo Komoda v2\CAD Export\Ostani_soubory\HTML-vystupy\IMAGE\Mpredek_MOVENTO_MOVENTOblu_MOV_blu_18_MOV_blu_18_Flabo Komoda v2_6_CORE_STOCK_.png\                   	      0 	         1
       93 	Mpredek_MOVENTO_MOVENTOblu_MOV_blu_18_MOV_blu_18_Flabo Komoda v2_6_Default_PANELDETAILS_.png      	2019-12-11 01:54:19.000 	NULL                    	           0 	   0 	        1 	\other\Data\jelinek\Flabo Komoda v2\CAD Export\Ostani_soubory\HTML-vystupy\IMAGE\Mpredek_MOVENTO_MOVENTOblu_MOV_blu_18_MOV_blu_18_Flabo Komoda v2_6_Default_PANELDETAILS_.png\         	      0 	         1
       94 	Mpredek_MOVENTO_MOVENTOblu_MOV_blu_18_MOV_blu_18_Flabo Komoda v2_6_Default_PANELMAIN_.png         	2019-12-11 01:54:19.000 	NULL                    	           0 	   0 	        1 	\other\Data\jelinek\Flabo Komoda v2\CAD Export\Ostani_soubory\HTML-vystupy\IMAGE\Mpredek_MOVENTO_MOVENTOblu_MOV_blu_18_MOV_blu_18_Flabo Komoda v2_6_Default_PANELMAIN_.png\            	      0 	         1
       95 	Mpredek_MOVENTO_MOVENTOblu_MOV_blu_18_MOV_blu_18_Flabo Komoda v2_6_STOC_K_.png                    	2019-12-11 01:54:19.000 	NULL                    	           0 	   0 	        1 	\other\Data\jelinek\Flabo Komoda v2\CAD Export\Ostani_soubory\HTML-vystupy\IMAGE\Mpredek_MOVENTO_MOVENTOblu_MOV_blu_18_MOV_blu_18_Flabo Komoda v2_6_STOC_K_.png\                       	      0 	         1
       96 	Mpredek_MOVENTO_MOVENTOblu_MOV_blu_18_MOV_blu_18_Flabo Komoda v2_7_CORE_STOCK_.png                	2019-12-11 01:54:19.000 	NULL                    	           0 	   0 	        1 	\other\Data\jelinek\Flabo Komoda v2\CAD Export\Ostani_soubory\HTML-vystupy\IMAGE\Mpredek_MOVENTO_MOVENTOblu_MOV_blu_18_MOV_blu_18_Flabo Komoda v2_7_CORE_STOCK_.png\                   	      0 	         1
       97 	Mpredek_MOVENTO_MOVENTOblu_MOV_blu_18_MOV_blu_18_Flabo Komoda v2_7_Default_PANELDETAILS_.png      	2019-12-11 01:54:19.000 	NULL                    	           0 	   0 	        1 	\other\Data\jelinek\Flabo Komoda v2\CAD Export\Ostani_soubory\HTML-vystupy\IMAGE\Mpredek_MOVENTO_MOVENTOblu_MOV_blu_18_MOV_blu_18_Flabo Komoda v2_7_Default_PANELDETAILS_.png\         	      0 	         1
       98 	Mpredek_MOVENTO_MOVENTOblu_MOV_blu_18_MOV_blu_18_Flabo Komoda v2_7_Default_PANELMAIN_.png         	2019-12-11 01:54:19.000 	NULL                    	           0 	   0 	        1 	\other\Data\jelinek\Flabo Komoda v2\CAD Export\Ostani_soubory\HTML-vystupy\IMAGE\Mpredek_MOVENTO_MOVENTOblu_MOV_blu_18_MOV_blu_18_Flabo Komoda v2_7_Default_PANELMAIN_.png\            	      0 	         1
       99 	Mpredek_MOVENTO_MOVENTOblu_MOV_blu_18_MOV_blu_18_Flabo Komoda v2_7_STOC_K_.png                    	2019-12-11 01:54:19.000 	NULL                    	           0 	   0 	        1 	\other\Data\jelinek\Flabo Komoda v2\CAD Export\Ostani_soubory\HTML-vystupy\IMAGE\Mpredek_MOVENTO_MOVENTOblu_MOV_blu_18_MOV_blu_18_Flabo Komoda v2_7_STOC_K_.png\                       	      0 	         1
      100 	Mpredek_MOVENTO_MOVENTOblu_MOV_blu_18_MOV_blu_18_Flabo Komoda v2_8_CORE_STOCK_.png                	2019-12-11 01:54:19.000 	NULL                    	           0 	   0 	        1 	\other\Data\jelinek\Flabo Komoda v2\CAD Export\Ostani_soubory\HTML-vystupy\IMAGE\Mpredek_MOVENTO_MOVENTOblu_MOV_blu_18_MOV_blu_18_Flabo Komoda v2_8_CORE_STOCK_.png\                   	      0 	         1
      101 	Mpredek_MOVENTO_MOVENTOblu_MOV_blu_18_MOV_blu_18_Flabo Komoda v2_8_Default_PANELDETAILS_.png      	2019-12-11 01:54:19.000 	NULL                    	           0 	   0 	        1 	\other\Data\jelinek\Flabo Komoda v2\CAD Export\Ostani_soubory\HTML-vystupy\IMAGE\Mpredek_MOVENTO_MOVENTOblu_MOV_blu_18_MOV_blu_18_Flabo Komoda v2_8_Default_PANELDETAILS_.png\         	      0 	         1
      102 	Mpredek_MOVENTO_MOVENTOblu_MOV_blu_18_MOV_blu_18_Flabo Komoda v2_8_Default_PANELMAIN_.png         	2019-12-11 01:54:19.000 	NULL                    	           0 	   0 	        1 	\other\Data\jelinek\Flabo Komoda v2\CAD Export\Ostani_soubory\HTML-vystupy\IMAGE\Mpredek_MOVENTO_MOVENTOblu_MOV_blu_18_MOV_blu_18_Flabo Komoda v2_8_Default_PANELMAIN_.png\            	      0 	         1
      103 	Mpredek_MOVENTO_MOVENTOblu_MOV_blu_18_MOV_blu_18_Flabo Komoda v2_8_STOC_K_.png                    	2019-12-11 01:54:19.000 	NULL                    	           0 	   0 	        1 	\other\Data\jelinek\Flabo Komoda v2\CAD Export\Ostani_soubory\HTML-vystupy\IMAGE\Mpredek_MOVENTO_MOVENTOblu_MOV_blu_18_MOV_blu_18_Flabo Komoda v2_8_STOC_K_.png\                       	      0 	         1
      104 	Mzadek_MOVENTO_MOVENTOblu_MOV_blu_18_MOV_blu_18_Flabo Komoda v2_5_CORE_STOCK_.png                 	2019-12-11 01:54:19.000 	NULL                    	           0 	   0 	        1 	\other\Data\jelinek\Flabo Komoda v2\CAD Export\Ostani_soubory\HTML-vystupy\IMAGE\Mzadek_MOVENTO_MOVENTOblu_MOV_blu_18_MOV_blu_18_Flabo Komoda v2_5_CORE_STOCK_.png\                    	      0 	         1
      105 	Mzadek_MOVENTO_MOVENTOblu_MOV_blu_18_MOV_blu_18_Flabo Komoda v2_5_Default_PANELDETAILS_.png       	2019-12-11 01:54:19.000 	NULL                    	           0 	   0 	        1 	\other\Data\jelinek\Flabo Komoda v2\CAD Export\Ostani_soubory\HTML-vystupy\IMAGE\Mzadek_MOVENTO_MOVENTOblu_MOV_blu_18_MOV_blu_18_Flabo Komoda v2_5_Default_PANELDETAILS_.png\          	      0 	         1
      106 	Mzadek_MOVENTO_MOVENTOblu_MOV_blu_18_MOV_blu_18_Flabo Komoda v2_5_Default_PANELMAIN_.png          	2019-12-11 01:54:19.000 	NULL                    	           0 	   0 	        1 	\other\Data\jelinek\Flabo Komoda v2\CAD Export\Ostani_soubory\HTML-vystupy\IMAGE\Mzadek_MOVENTO_MOVENTOblu_MOV_blu_18_MOV_blu_18_Flabo Komoda v2_5_Default_PANELMAIN_.png\             	      0 	         1
      121 	Spojka1_Pole_mezisten_Flabo Komoda v2_1_Default_PANELMAIN_.png                                    	2019-12-11 01:54:20.000 	NULL                    	           0 	   0 	        1 	\other\Data\jelinek\Flabo Komoda v2\CAD Export\Ostani_soubory\HTML-vystupy\IMAGE\Spojka1_Pole_mezisten_Flabo Komoda v2_1_Default_PANELMAIN_.png\                                       	      0 	         1
      137 	MLevy bok_MOVENTO_MOVENTOblu_MOV_blu_18_MOV_blu_18_Flabo Komoda v2_8_PanelDetails_.html           	2019-12-11 01:54:20.000 	NULL                    	           0 	   0 	        1 	\other\Data\jelinek\Flabo Komoda v2\CAD Export\Ostani_soubory\HTML-vystupy\PanelDetails\MLevy bok_MOVENTO_MOVENTOblu_MOV_blu_18_MOV_blu_18_Flabo Komoda v2_8_PanelDetails_.html\       	      0 	         1
      170 	test                                                                                              	2020-01-13 02:51:26.000 	NULL                    	           0 	   0 	        2 	\other\Data\jelinek\test\                                                                                                                                                              	      0 	         1
      107 	Mzadek_MOVENTO_MOVENTOblu_MOV_blu_18_MOV_blu_18_Flabo Komoda v2_5_STOC_K_.png                     	2019-12-11 01:54:19.000 	NULL                    	           0 	   0 	        1 	\other\Data\jelinek\Flabo Komoda v2\CAD Export\Ostani_soubory\HTML-vystupy\IMAGE\Mzadek_MOVENTO_MOVENTOblu_MOV_blu_18_MOV_blu_18_Flabo Komoda v2_5_STOC_K_.png\                        	      0 	         1
      108 	Mzadek_MOVENTO_MOVENTOblu_MOV_blu_18_MOV_blu_18_Flabo Komoda v2_6_CORE_STOCK_.png                 	2019-12-11 01:54:19.000 	NULL                    	           0 	   0 	        1 	\other\Data\jelinek\Flabo Komoda v2\CAD Export\Ostani_soubory\HTML-vystupy\IMAGE\Mzadek_MOVENTO_MOVENTOblu_MOV_blu_18_MOV_blu_18_Flabo Komoda v2_6_CORE_STOCK_.png\                    	      0 	         1
      109 	Mzadek_MOVENTO_MOVENTOblu_MOV_blu_18_MOV_blu_18_Flabo Komoda v2_6_Default_PANELDETAILS_.png       	2019-12-11 01:54:19.000 	NULL                    	           0 	   0 	        1 	\other\Data\jelinek\Flabo Komoda v2\CAD Export\Ostani_soubory\HTML-vystupy\IMAGE\Mzadek_MOVENTO_MOVENTOblu_MOV_blu_18_MOV_blu_18_Flabo Komoda v2_6_Default_PANELDETAILS_.png\          	      0 	         1
      110 	Mzadek_MOVENTO_MOVENTOblu_MOV_blu_18_MOV_blu_18_Flabo Komoda v2_6_Default_PANELMAIN_.png          	2019-12-11 01:54:19.000 	NULL                    	           0 	   0 	        1 	\other\Data\jelinek\Flabo Komoda v2\CAD Export\Ostani_soubory\HTML-vystupy\IMAGE\Mzadek_MOVENTO_MOVENTOblu_MOV_blu_18_MOV_blu_18_Flabo Komoda v2_6_Default_PANELMAIN_.png\             	      0 	         1
      111 	Mzadek_MOVENTO_MOVENTOblu_MOV_blu_18_MOV_blu_18_Flabo Komoda v2_6_STOC_K_.png                     	2019-12-11 01:54:19.000 	NULL                    	           0 	   0 	        1 	\other\Data\jelinek\Flabo Komoda v2\CAD Export\Ostani_soubory\HTML-vystupy\IMAGE\Mzadek_MOVENTO_MOVENTOblu_MOV_blu_18_MOV_blu_18_Flabo Komoda v2_6_STOC_K_.png\                        	      0 	         1
      112 	Mzadek_MOVENTO_MOVENTOblu_MOV_blu_18_MOV_blu_18_Flabo Komoda v2_7_CORE_STOCK_.png                 	2019-12-11 01:54:19.000 	NULL                    	           0 	   0 	        1 	\other\Data\jelinek\Flabo Komoda v2\CAD Export\Ostani_soubory\HTML-vystupy\IMAGE\Mzadek_MOVENTO_MOVENTOblu_MOV_blu_18_MOV_blu_18_Flabo Komoda v2_7_CORE_STOCK_.png\                    	      0 	         1
      113 	Mzadek_MOVENTO_MOVENTOblu_MOV_blu_18_MOV_blu_18_Flabo Komoda v2_7_Default_PANELDETAILS_.png       	2019-12-11 01:54:19.000 	NULL                    	           0 	   0 	        1 	\other\Data\jelinek\Flabo Komoda v2\CAD Export\Ostani_soubory\HTML-vystupy\IMAGE\Mzadek_MOVENTO_MOVENTOblu_MOV_blu_18_MOV_blu_18_Flabo Komoda v2_7_Default_PANELDETAILS_.png\          	      0 	         1
      114 	Mzadek_MOVENTO_MOVENTOblu_MOV_blu_18_MOV_blu_18_Flabo Komoda v2_7_Default_PANELMAIN_.png          	2019-12-11 01:54:19.000 	NULL                    	           0 	   0 	        1 	\other\Data\jelinek\Flabo Komoda v2\CAD Export\Ostani_soubory\HTML-vystupy\IMAGE\Mzadek_MOVENTO_MOVENTOblu_MOV_blu_18_MOV_blu_18_Flabo Komoda v2_7_Default_PANELMAIN_.png\             	      0 	         1
      115 	Mzadek_MOVENTO_MOVENTOblu_MOV_blu_18_MOV_blu_18_Flabo Komoda v2_7_STOC_K_.png                     	2019-12-11 01:54:19.000 	NULL                    	           0 	   0 	        1 	\other\Data\jelinek\Flabo Komoda v2\CAD Export\Ostani_soubory\HTML-vystupy\IMAGE\Mzadek_MOVENTO_MOVENTOblu_MOV_blu_18_MOV_blu_18_Flabo Komoda v2_7_STOC_K_.png\                        	      0 	         1
      116 	Mzadek_MOVENTO_MOVENTOblu_MOV_blu_18_MOV_blu_18_Flabo Komoda v2_8_CORE_STOCK_.png                 	2019-12-11 01:54:19.000 	NULL                    	           0 	   0 	        1 	\other\Data\jelinek\Flabo Komoda v2\CAD Export\Ostani_soubory\HTML-vystupy\IMAGE\Mzadek_MOVENTO_MOVENTOblu_MOV_blu_18_MOV_blu_18_Flabo Komoda v2_8_CORE_STOCK_.png\                    	      0 	         1
      117 	Mzadek_MOVENTO_MOVENTOblu_MOV_blu_18_MOV_blu_18_Flabo Komoda v2_8_Default_PANELDETAILS_.png       	2019-12-11 01:54:19.000 	NULL                    	           0 	   0 	        1 	\other\Data\jelinek\Flabo Komoda v2\CAD Export\Ostani_soubory\HTML-vystupy\IMAGE\Mzadek_MOVENTO_MOVENTOblu_MOV_blu_18_MOV_blu_18_Flabo Komoda v2_8_Default_PANELDETAILS_.png\          	      0 	         1
      118 	Mzadek_MOVENTO_MOVENTOblu_MOV_blu_18_MOV_blu_18_Flabo Komoda v2_8_Default_PANELMAIN_.png          	2019-12-11 01:54:20.000 	NULL                    	           0 	   0 	        1 	\other\Data\jelinek\Flabo Komoda v2\CAD Export\Ostani_soubory\HTML-vystupy\IMAGE\Mzadek_MOVENTO_MOVENTOblu_MOV_blu_18_MOV_blu_18_Flabo Komoda v2_8_Default_PANELMAIN_.png\             	      0 	         1
      119 	Mzadek_MOVENTO_MOVENTOblu_MOV_blu_18_MOV_blu_18_Flabo Komoda v2_8_STOC_K_.png                     	2019-12-11 01:54:20.000 	NULL                    	           0 	   0 	        1 	\other\Data\jelinek\Flabo Komoda v2\CAD Export\Ostani_soubory\HTML-vystupy\IMAGE\Mzadek_MOVENTO_MOVENTOblu_MOV_blu_18_MOV_blu_18_Flabo Komoda v2_8_STOC_K_.png\                        	      0 	         1
      120 	Spojka1_Pole_mezisten_Flabo Komoda v2_1_Default_PANELDETAILS_.png                                 	2019-12-11 01:54:20.000 	NULL                    	           0 	   0 	        1 	\other\Data\jelinek\Flabo Komoda v2\CAD Export\Ostani_soubory\HTML-vystupy\IMAGE\Spojka1_Pole_mezisten_Flabo Komoda v2_1_Default_PANELDETAILS_.png\                                    	      0 	         1
     2197 	test new folder                                                                                   	2022-01-19 07:54:52.000 	NULL                    	           0 	   0 	        2 	\other\Data\test new folder\                                                                                                                                                           	      0 	         1
      122 	Spojka2_Pole_mezisten_Flabo Komoda v2_1_Default_PANELDETAILS_.png                                 	2019-12-11 01:54:20.000 	NULL                    	           0 	   0 	        1 	\other\Data\jelinek\Flabo Komoda v2\CAD Export\Ostani_soubory\HTML-vystupy\IMAGE\Spojka2_Pole_mezisten_Flabo Komoda v2_1_Default_PANELDETAILS_.png\                                    	      0 	         1
      123 	Spojka2_Pole_mezisten_Flabo Komoda v2_1_Default_PANELMAIN_.png                                    	2019-12-11 01:54:20.000 	NULL                    	           0 	   0 	        1 	\other\Data\jelinek\Flabo Komoda v2\CAD Export\Ostani_soubory\HTML-vystupy\IMAGE\Spojka2_Pole_mezisten_Flabo Komoda v2_1_Default_PANELMAIN_.png\                                       	      0 	         1
      124 	Spojka3_Pole_mezisten_Flabo Komoda v2_1_Default_PANELDETAILS_.png                                 	2019-12-11 01:54:20.000 	NULL                    	           0 	   0 	        1 	\other\Data\jelinek\Flabo Komoda v2\CAD Export\Ostani_soubory\HTML-vystupy\IMAGE\Spojka3_Pole_mezisten_Flabo Komoda v2_1_Default_PANELDETAILS_.png\                                    	      0 	         1
      125 	Spojka3_Pole_mezisten_Flabo Komoda v2_1_Default_PANELMAIN_.png                                    	2019-12-11 01:54:20.000 	NULL                    	           0 	   0 	        1 	\other\Data\jelinek\Flabo Komoda v2\CAD Export\Ostani_soubory\HTML-vystupy\IMAGE\Spojka3_Pole_mezisten_Flabo Komoda v2_1_Default_PANELMAIN_.png\                                       	      0 	         1
      126 	PanelDetails                                                                                      	2019-12-11 01:54:20.000 	NULL                    	           0 	   0 	        1 	\other\Data\jelinek\Flabo Komoda v2\CAD Export\Ostani_soubory\HTML-vystupy\PanelDetails\                                                                                               	      0 	         1
      127 	dv_stred_Dvere__Flabo Komoda v2_3_PanelDetails_.html                                              	2019-12-11 01:54:20.000 	NULL                    	           0 	   0 	        1 	\other\Data\jelinek\Flabo Komoda v2\CAD Export\Ostani_soubory\HTML-vystupy\PanelDetails\dv_stred_Dvere__Flabo Komoda v2_3_PanelDetails_.html\                                          	      0 	         1
      128 	Mbok Pravy_MOVENTO_MOVENTOblu_MOV_blu_18_MOV_blu_18_Flabo Komoda v2_5_PanelDetails_.html          	2019-12-11 01:54:20.000 	NULL                    	           0 	   0 	        1 	\other\Data\jelinek\Flabo Komoda v2\CAD Export\Ostani_soubory\HTML-vystupy\PanelDetails\Mbok Pravy_MOVENTO_MOVENTOblu_MOV_blu_18_MOV_blu_18_Flabo Komoda v2_5_PanelDetails_.html\      	      0 	         1
      129 	Mbok Pravy_MOVENTO_MOVENTOblu_MOV_blu_18_MOV_blu_18_Flabo Komoda v2_6_PanelDetails_.html          	2019-12-11 01:54:20.000 	NULL                    	           0 	   0 	        1 	\other\Data\jelinek\Flabo Komoda v2\CAD Export\Ostani_soubory\HTML-vystupy\PanelDetails\Mbok Pravy_MOVENTO_MOVENTOblu_MOV_blu_18_MOV_blu_18_Flabo Komoda v2_6_PanelDetails_.html\      	      0 	         1
      130 	Mbok Pravy_MOVENTO_MOVENTOblu_MOV_blu_18_MOV_blu_18_Flabo Komoda v2_7_PanelDetails_.html          	2019-12-11 01:54:20.000 	NULL                    	           0 	   0 	        1 	\other\Data\jelinek\Flabo Komoda v2\CAD Export\Ostani_soubory\HTML-vystupy\PanelDetails\Mbok Pravy_MOVENTO_MOVENTOblu_MOV_blu_18_MOV_blu_18_Flabo Komoda v2_7_PanelDetails_.html\      	      0 	         1
      131 	Mbok Pravy_MOVENTO_MOVENTOblu_MOV_blu_18_MOV_blu_18_Flabo Komoda v2_8_PanelDetails_.html          	2019-12-11 01:54:20.000 	NULL                    	           0 	   0 	        1 	\other\Data\jelinek\Flabo Komoda v2\CAD Export\Ostani_soubory\HTML-vystupy\PanelDetails\Mbok Pravy_MOVENTO_MOVENTOblu_MOV_blu_18_MOV_blu_18_Flabo Komoda v2_8_PanelDetails_.html\      	      0 	         1
      132 	Mezistena1_Pole_mezisten_Flabo Komoda v2_1_PanelDetails_.html                                     	2019-12-11 01:54:20.000 	NULL                    	           0 	   0 	        1 	\other\Data\jelinek\Flabo Komoda v2\CAD Export\Ostani_soubory\HTML-vystupy\PanelDetails\Mezistena1_Pole_mezisten_Flabo Komoda v2_1_PanelDetails_.html\                                 	      0 	         1
      133 	Mezistena2_Pole_mezisten_Flabo Komoda v2_1_PanelDetails_.html                                     	2019-12-11 01:54:20.000 	NULL                    	           0 	   0 	        1 	\other\Data\jelinek\Flabo Komoda v2\CAD Export\Ostani_soubory\HTML-vystupy\PanelDetails\Mezistena2_Pole_mezisten_Flabo Komoda v2_1_PanelDetails_.html\                                 	      0 	         1
      134 	MLevy bok_MOVENTO_MOVENTOblu_MOV_blu_18_MOV_blu_18_Flabo Komoda v2_5_PanelDetails_.html           	2019-12-11 01:54:20.000 	NULL                    	           0 	   0 	        1 	\other\Data\jelinek\Flabo Komoda v2\CAD Export\Ostani_soubory\HTML-vystupy\PanelDetails\MLevy bok_MOVENTO_MOVENTOblu_MOV_blu_18_MOV_blu_18_Flabo Komoda v2_5_PanelDetails_.html\       	      0 	         1
      135 	MLevy bok_MOVENTO_MOVENTOblu_MOV_blu_18_MOV_blu_18_Flabo Komoda v2_6_PanelDetails_.html           	2019-12-11 01:54:20.000 	NULL                    	           0 	   0 	        1 	\other\Data\jelinek\Flabo Komoda v2\CAD Export\Ostani_soubory\HTML-vystupy\PanelDetails\MLevy bok_MOVENTO_MOVENTOblu_MOV_blu_18_MOV_blu_18_Flabo Komoda v2_6_PanelDetails_.html\       	      0 	         1
      136 	MLevy bok_MOVENTO_MOVENTOblu_MOV_blu_18_MOV_blu_18_Flabo Komoda v2_7_PanelDetails_.html           	2019-12-11 01:54:20.000 	NULL                    	           0 	   0 	        1 	\other\Data\jelinek\Flabo Komoda v2\CAD Export\Ostani_soubory\HTML-vystupy\PanelDetails\MLevy bok_MOVENTO_MOVENTOblu_MOV_blu_18_MOV_blu_18_Flabo Komoda v2_7_PanelDetails_.html\       	      0 	         1
      138 	Mpredek_MOVENTO_MOVENTOblu_MOV_blu_18_MOV_blu_18_Flabo Komoda v2_5_PanelDetails_.html             	2019-12-11 01:54:20.000 	NULL                    	           0 	   0 	        1 	\other\Data\jelinek\Flabo Komoda v2\CAD Export\Ostani_soubory\HTML-vystupy\PanelDetails\Mpredek_MOVENTO_MOVENTOblu_MOV_blu_18_MOV_blu_18_Flabo Komoda v2_5_PanelDetails_.html\         	      0 	         1
      139 	Mpredek_MOVENTO_MOVENTOblu_MOV_blu_18_MOV_blu_18_Flabo Komoda v2_6_PanelDetails_.html             	2019-12-11 01:54:20.000 	NULL                    	           0 	   0 	        1 	\other\Data\jelinek\Flabo Komoda v2\CAD Export\Ostani_soubory\HTML-vystupy\PanelDetails\Mpredek_MOVENTO_MOVENTOblu_MOV_blu_18_MOV_blu_18_Flabo Komoda v2_6_PanelDetails_.html\         	      0 	         1
      140 	Mpredek_MOVENTO_MOVENTOblu_MOV_blu_18_MOV_blu_18_Flabo Komoda v2_7_PanelDetails_.html             	2019-12-11 01:54:20.000 	NULL                    	           0 	   0 	        1 	\other\Data\jelinek\Flabo Komoda v2\CAD Export\Ostani_soubory\HTML-vystupy\PanelDetails\Mpredek_MOVENTO_MOVENTOblu_MOV_blu_18_MOV_blu_18_Flabo Komoda v2_7_PanelDetails_.html\         	      0 	         1
      141 	Mpredek_MOVENTO_MOVENTOblu_MOV_blu_18_MOV_blu_18_Flabo Komoda v2_8_PanelDetails_.html             	2019-12-11 01:54:20.000 	NULL                    	           0 	   0 	        1 	\other\Data\jelinek\Flabo Komoda v2\CAD Export\Ostani_soubory\HTML-vystupy\PanelDetails\Mpredek_MOVENTO_MOVENTOblu_MOV_blu_18_MOV_blu_18_Flabo Komoda v2_8_PanelDetails_.html\         	      0 	         1
      142 	Mzadek_MOVENTO_MOVENTOblu_MOV_blu_18_MOV_blu_18_Flabo Komoda v2_5_PanelDetails_.html              	2019-12-11 01:54:20.000 	NULL                    	           0 	   0 	        1 	\other\Data\jelinek\Flabo Komoda v2\CAD Export\Ostani_soubory\HTML-vystupy\PanelDetails\Mzadek_MOVENTO_MOVENTOblu_MOV_blu_18_MOV_blu_18_Flabo Komoda v2_5_PanelDetails_.html\          	      0 	         1
      143 	Mzadek_MOVENTO_MOVENTOblu_MOV_blu_18_MOV_blu_18_Flabo Komoda v2_6_PanelDetails_.html              	2019-12-11 01:54:20.000 	NULL                    	           0 	   0 	        1 	\other\Data\jelinek\Flabo Komoda v2\CAD Export\Ostani_soubory\HTML-vystupy\PanelDetails\Mzadek_MOVENTO_MOVENTOblu_MOV_blu_18_MOV_blu_18_Flabo Komoda v2_6_PanelDetails_.html\          	      0 	         1
      144 	Mzadek_MOVENTO_MOVENTOblu_MOV_blu_18_MOV_blu_18_Flabo Komoda v2_7_PanelDetails_.html              	2019-12-11 01:54:20.000 	NULL                    	           0 	   0 	        1 	\other\Data\jelinek\Flabo Komoda v2\CAD Export\Ostani_soubory\HTML-vystupy\PanelDetails\Mzadek_MOVENTO_MOVENTOblu_MOV_blu_18_MOV_blu_18_Flabo Komoda v2_7_PanelDetails_.html\          	      0 	         1
      145 	Mzadek_MOVENTO_MOVENTOblu_MOV_blu_18_MOV_blu_18_Flabo Komoda v2_8_PanelDetails_.html              	2019-12-11 01:54:20.000 	NULL                    	           0 	   0 	        1 	\other\Data\jelinek\Flabo Komoda v2\CAD Export\Ostani_soubory\HTML-vystupy\PanelDetails\Mzadek_MOVENTO_MOVENTOblu_MOV_blu_18_MOV_blu_18_Flabo Komoda v2_8_PanelDetails_.html\          	      0 	         1
      146 	Spojka1_Pole_mezisten_Flabo Komoda v2_1_PanelDetails_.html                                        	2019-12-11 01:54:20.000 	NULL                    	           0 	   0 	        1 	\other\Data\jelinek\Flabo Komoda v2\CAD Export\Ostani_soubory\HTML-vystupy\PanelDetails\Spojka1_Pole_mezisten_Flabo Komoda v2_1_PanelDetails_.html\                                    	      0 	         1
      147 	Spojka2_Pole_mezisten_Flabo Komoda v2_1_PanelDetails_.html                                        	2019-12-11 01:54:20.000 	NULL                    	           0 	   0 	        1 	\other\Data\jelinek\Flabo Komoda v2\CAD Export\Ostani_soubory\HTML-vystupy\PanelDetails\Spojka2_Pole_mezisten_Flabo Komoda v2_1_PanelDetails_.html\                                    	      0 	         1
      148 	Spojka3_Pole_mezisten_Flabo Komoda v2_1_PanelDetails_.html                                        	2019-12-11 01:54:20.000 	NULL                    	           0 	   0 	        1 	\other\Data\jelinek\Flabo Komoda v2\CAD Export\Ostani_soubory\HTML-vystupy\PanelDetails\Spojka3_Pole_mezisten_Flabo Komoda v2_1_PanelDetails_.html\                                    	      0 	         1
      149 	Programs                                                                                          	2019-12-11 01:54:20.000 	NULL                    	           0 	   0 	        1 	\other\Data\jelinek\Flabo Komoda v2\CAD Export\Ostani_soubory\HTML-vystupy\Programs\                                                                                                   	      0 	         1
      150 	SCM_CYFLEX                                                                                        	2019-12-11 01:54:20.000 	NULL                    	           0 	   0 	        1 	\other\Data\jelinek\Flabo Komoda v2\CAD Export\Ostani_soubory\HTML-vystupy\Programs\SCM_CYFLEX\                                                                                        	      0 	         1
      151 	SCM_CYFLEX_Zada_Zada_Flabo Komoda v2_1_Milling_ProgDetails_.html                                  	2019-12-11 01:54:20.000 	NULL                    	           0 	   0 	        1 	\other\Data\jelinek\Flabo Komoda v2\CAD Export\Ostani_soubory\HTML-vystupy\Programs\SCM_CYFLEX\SCM_CYFLEX_Zada_Zada_Flabo Komoda v2_1_Milling_ProgDetails_.html\                       	      0 	         1
      152 	WeekeVenture4XL2017_JN                                                                            	2019-12-11 01:54:20.000 	NULL                    	           0 	   0 	        1 	\other\Data\jelinek\Flabo Komoda v2\CAD Export\Ostani_soubory\HTML-vystupy\Programs\WeekeVenture4XL2017_JN\                                                                            	      0 	         1
      153 	WeekeVenture4XL2017_JN_Bok_Levy_Flabo Komoda v2_Obrábění_ProgDetails_.html                        	2019-12-11 01:54:20.000 	NULL                    	           0 	   0 	        1 	\other\Data\jelinek\Flabo Komoda v2\CAD Export\Ostani_soubory\HTML-vystupy\Programs\WeekeVenture4XL2017_JN\WeekeVenture4XL2017_JN_Bok_Levy_Flabo Komoda v2_Obrábění_ProgDetails_.html\ 	      0 	         1
      171 	<items>                                                                                           	2020-02-05 09:33:42.320 	2020-02-05 09:33:42.320 	           0 	   0 	        1 	\<items>\                                                                                                                                                                              	      0 	         2
      154 	WeekeVenture4XL2017_JN_Puda_Flabo Komoda v2_Horni_ProgDetails_.html                               	2019-12-11 01:54:20.000 	NULL                    	           0 	   0 	        1 	\other\Data\jelinek\Flabo Komoda v2\CAD Export\Ostani_soubory\HTML-vystupy\Programs\WeekeVenture4XL2017_JN\WeekeVenture4XL2017_JN_Puda_Flabo Komoda v2_Horni_ProgDetails_.html\        	      0 	         1
      155 	Stitky                                                                                            	2019-12-11 01:54:20.000 	NULL                    	           0 	   0 	        1 	\other\Data\jelinek\Flabo Komoda v2\CAD Export\Ostani_soubory\HTML-vystupy\Stitky\                                                                                                     	      0 	         1
      156 	Cilka_Flabo Komoda v2_1                                                                           	2019-12-11 01:54:20.000 	NULL                    	           0 	   0 	        1 	\other\Data\jelinek\Flabo Komoda v2\Cilka_Flabo Komoda v2_1\                                                                                                                           	      0 	         1
      157 	Cilka_Flabo Komoda v2_2                                                                           	2019-12-11 01:54:20.000 	NULL                    	           0 	   0 	        1 	\other\Data\jelinek\Flabo Komoda v2\Cilka_Flabo Komoda v2_2\                                                                                                                           	      0 	         1
      158 	Flabo Dvirka_Flabo Komoda v2_1                                                                    	2019-12-11 01:54:20.000 	NULL                    	           0 	   0 	        1 	\other\Data\jelinek\Flabo Komoda v2\Flabo Dvirka_Flabo Komoda v2_1\                                                                                                                    	      0 	         1
      159 	Pole_mezisten_Flabo Komoda v2_1                                                                   	2019-12-11 01:54:20.000 	NULL                    	           0 	   0 	        1 	\other\Data\jelinek\Flabo Komoda v2\Pole_mezisten_Flabo Komoda v2_1\                                                                                                                   	      0 	         1
      160 	Pole_mezisten_Flabo Komoda v2_4                                                                   	2019-12-11 01:54:20.000 	NULL                    	           0 	   0 	        1 	\other\Data\jelinek\Flabo Komoda v2\Pole_mezisten_Flabo Komoda v2_4\                                                                                                                   	      0 	         1
      161 	Police__Flabo Komoda v2_1                                                                         	2019-12-11 01:54:20.000 	NULL                    	           0 	   0 	        1 	\other\Data\jelinek\Flabo Komoda v2\Police__Flabo Komoda v2_1\                                                                                                                         	      0 	         1
      162 	Hardwares                                                                                         	2019-12-11 01:54:20.000 	NULL                    	           0 	   0 	        1 	\other\Data\jelinek\Hardwares\                                                                                                                                                         	      0 	         1
      163 	Movento                                                                                           	2019-12-11 01:54:20.000 	NULL                    	           0 	   0 	        1 	\other\Data\jelinek\Hardwares\Movento\                                                                                                                                                 	      0 	         1
      164 	BLUMOTION                                                                                         	2019-12-11 01:54:20.000 	NULL                    	           0 	   0 	        1 	\other\Data\jelinek\Hardwares\Movento\BLUMOTION\                                                                                                                                       	      0 	         1
      165 	zaves                                                                                             	2019-12-11 01:54:20.000 	NULL                    	           0 	   0 	        1 	\other\Data\jelinek\Hardwares\zaves\                                                                                                                                                   	      0 	         1
      166 	SWOODBox                                                                                          	2019-12-11 01:54:20.000 	NULL                    	           0 	   0 	        1 	\other\Data\jelinek\SWOODBox\                                                                                                                                                          	      0 	         1
      167 	Dvere_                                                                                            	2019-12-11 01:54:20.000 	NULL                    	           0 	   0 	        1 	\other\Data\jelinek\SWOODBox\Dvere_\                                                                                                                                                   	      0 	         1
      168 	panty                                                                                             	2019-12-11 01:54:20.000 	NULL                    	           0 	   0 	        1 	\other\Data\jelinek\SWOODBox\panty\                                                                                                                                                    	      0 	         1
      169 	panty_UNI                                                                                         	2019-12-11 01:54:20.000 	NULL                    	           0 	   0 	        1 	\other\Data\jelinek\SWOODBox\panty\panty_UNI\                                                                                                                                          	      0 	         1
      172 	programy                                                                                          	2020-02-25 01:31:27.000 	NULL                    	           0 	   0 	        3 	\other\programy\                                                                                                                                                                       	      0 	         1
      173 	IMT                                                                                               	2020-02-27 05:24:39.000 	NULL                    	           0 	   0 	        2 	\other\Data\IMT\                                                                                                                                                                       	      0 	         1
      174 	19045                                                                                             	2020-02-27 05:24:48.000 	NULL                    	           0 	   0 	        4 	\other\Data\IMT\19045\                                                                                                                                                                 	      0 	         1
      175 	19046                                                                                             	2020-02-27 05:25:05.000 	NULL                    	           0 	   0 	        2 	\other\Data\IMT\19046\                                                                                                                                                                 	      0 	         1
      176 	19047                                                                                             	2020-02-27 05:25:06.000 	NULL                    	           0 	   0 	        2 	\other\Data\IMT\19047\                                                                                                                                                                 	      0 	         1
      177 	19048                                                                                             	2020-02-27 05:25:06.000 	NULL                    	           0 	   0 	        2 	\other\Data\IMT\19048\                                                                                                                                                                 	      0 	         1
      178 	19049                                                                                             	2020-02-27 05:25:06.000 	NULL                    	           0 	   0 	        2 	\other\Data\IMT\19049\                                                                                                                                                                 	      0 	         1
      179 	19050                                                                                             	2020-02-27 05:25:07.000 	NULL                    	           0 	   0 	        2 	\other\Data\IMT\19050\                                                                                                                                                                 	      0 	         1
      180 	19051                                                                                             	2020-02-27 05:25:07.000 	NULL                    	           0 	   0 	        2 	\other\Data\IMT\19051\                                                                                                                                                                 	      0 	         1
      181 	19058                                                                                             	2020-02-27 05:27:12.000 	NULL                    	           0 	   0 	        2 	\other\Data\IMT\19058\                                                                                                                                                                 	      0 	         1
      182 	19052                                                                                             	2020-02-27 05:27:13.000 	NULL                    	           0 	   0 	        2 	\other\Data\IMT\19052\                                                                                                                                                                 	      0 	         1
      183 	19053                                                                                             	2020-02-27 05:27:13.000 	NULL                    	           0 	   0 	        2 	\other\Data\IMT\19053\                                                                                                                                                                 	      0 	         1
      184 	19054                                                                                             	2020-02-27 05:27:13.000 	NULL                    	           0 	   0 	        2 	\other\Data\IMT\19054\                                                                                                                                                                 	      0 	         1
      185 	19055                                                                                             	2020-02-27 05:27:13.000 	NULL                    	           0 	   0 	        2 	\other\Data\IMT\19055\                                                                                                                                                                 	      0 	         1
      186 	19056                                                                                             	2020-02-27 05:27:13.000 	NULL                    	           0 	   0 	        2 	\other\Data\IMT\19056\                                                                                                                                                                 	      0 	         1
      187 	19057                                                                                             	2020-02-27 05:27:13.000 	NULL                    	           0 	   0 	        2 	\other\Data\IMT\19057\                                                                                                                                                                 	      0 	         1
      188 	19065                                                                                             	2020-02-27 05:27:14.000 	NULL                    	           0 	   0 	        2 	\other\Data\IMT\19065\                                                                                                                                                                 	      0 	         1
      189 	19059                                                                                             	2020-02-27 05:27:14.000 	NULL                    	           0 	   0 	        2 	\other\Data\IMT\19059\                                                                                                                                                                 	      0 	         1
      190 	19060                                                                                             	2020-02-27 05:27:14.000 	NULL                    	           0 	   0 	        2 	\other\Data\IMT\19060\                                                                                                                                                                 	      0 	         1
      191 	19061                                                                                             	2020-02-27 05:27:14.000 	NULL                    	           0 	   0 	        2 	\other\Data\IMT\19061\                                                                                                                                                                 	      0 	         1
      192 	19062                                                                                             	2020-02-27 05:27:14.000 	NULL                    	           0 	   0 	        2 	\other\Data\IMT\19062\                                                                                                                                                                 	      0 	         1
      193 	19063                                                                                             	2020-02-27 05:27:14.000 	NULL                    	           0 	   0 	        2 	\other\Data\IMT\19063\                                                                                                                                                                 	      0 	         1
      194 	19064                                                                                             	2020-02-27 05:27:14.000 	NULL                    	           0 	   0 	        2 	\other\Data\IMT\19064\                                                                                                                                                                 	      0 	         1
     1172 	Test_template_1                                                                                   	2020-11-26 09:38:23.360 	NULL                    	           0 	   0 	        0 	\other\Data\Test_template_1\                                                                                                                                                           	      0 	         1
     2172 	box                                                                                               	2021-02-04 11:15:59.000 	NULL                    	           0 	   0 	        2 	\other\Data\box\                                                                                                                                                                       	      0 	         1
     2173 	vytah                                                                                             	2021-02-06 14:21:07.000 	NULL                    	           0 	   0 	        2 	\other\Data\vytah\                                                                                                                                                                     	      0 	         1
     2174 	QI                                                                                                	2021-06-15 08:21:41.000 	NULL                    	           0 	   0 	        3 	\other\QI\                                                                                                                                                                             	      0 	         1
     2175 	Knihovna                                                                                          	2021-06-15 08:21:48.000 	NULL                    	           0 	   0 	        2 	\other\QI\Knihovna\                                                                                                                                                                    	      0 	         1
     2176 	Projekty                                                                                          	2021-06-15 08:21:54.000 	NULL                    	           0 	   0 	        2 	\other\QI\Projekty\                                                                                                                                                                    	      0 	         1
     2177 	P001                                                                                              	2021-08-16 10:36:38.000 	NULL                    	           0 	   0 	        2 	\other\Projekty\P001\                                                                                                                                                                  	      0 	         1
     2178 	P002                                                                                              	2021-08-16 10:37:05.000 	NULL                    	           0 	   0 	        2 	\other\Projekty\P002\                                                                                                                                                                  	      0 	         1
     2179 	P003                                                                                              	2021-08-16 10:37:09.000 	NULL                    	           0 	   0 	        2 	\other\Projekty\P003\                                                                                                                                                                  	      0 	         1
     2180 	CAD                                                                                               	2021-08-16 10:37:15.000 	NULL                    	           0 	   0 	        2 	\other\Projekty\P001\CAD\                                                                                                                                                              	      0 	         1
     2181 	DOC                                                                                               	2021-08-16 10:37:20.000 	NULL                    	           0 	   0 	        3 	\other\Projekty\P001\DOC\                                                                                                                                                              	      0 	         1
     2182 	CAD                                                                                               	2021-08-16 10:37:31.000 	NULL                    	           0 	   0 	        2 	\other\Projekty\P002\CAD\                                                                                                                                                              	      0 	         1
     2183 	DOC                                                                                               	2021-08-16 10:37:35.000 	NULL                    	           0 	   0 	        2 	\other\Projekty\P002\DOC\                                                                                                                                                              	      0 	         1
     2184 	CAD                                                                                               	2021-08-16 10:37:43.000 	NULL                    	           0 	   0 	        2 	\other\Projekty\P003\CAD\                                                                                                                                                              	      0 	         1
     2185 	DOC                                                                                               	2021-08-16 10:37:47.000 	NULL                    	           0 	   0 	        2 	\other\Projekty\P003\DOC\                                                                                                                                                              	      0 	         1
     2186 	KASLFASKDF                                                                                        	2021-08-16 10:43:58.000 	NULL                    	           0 	   0 	        2 	\other\Projekty\P002\DOC\KASLFASKDF\                                                                                                                                                   	      0 	         1
     2187 	DFASD                                                                                             	2021-08-16 10:44:05.000 	NULL                    	           0 	   0 	        2 	\other\Projekty\P002\DOC\KASLFASKDF\DFASD\                                                                                                                                             	      0 	         1
     2188 	FASDFASD                                                                                          	2021-08-16 10:44:08.000 	NULL                    	           0 	   0 	        2 	\other\Projekty\P002\DOC\KASLFASKDF\FASDFASD\                                                                                                                                          	      0 	         1
     2189 	Nová složka                                                                                       	2021-08-16 10:44:14.000 	NULL                    	           0 	   0 	        1 	\other\Projekty\P002\DOC\KASLFASKDF\FASDFASD\Nová složka\                                                                                                                              	      0 	         1
      195 	ELE                                                                                               	2020-03-01 13:19:15.000 	NULL                    	           0 	   0 	        2 	\other\Data\IMT\19045\ELE\                                                                                                                                                             	      0 	         1
      196 	PROJ                                                                                              	2020-03-01 13:19:22.000 	NULL                    	           0 	   0 	        3 	\other\Data\IMT\19045\ELE\PROJ\                                                                                                                                                        	      0 	         1
     2190 	templates                                                                                         	2021-12-06 14:42:12.000 	NULL                    	           0 	   0 	        3 	\other\templates\                                                                                                                                                                      	      0 	         1
     2191 	Develop_testing_3                                                                                 	2021-12-13 10:37:55.000 	NULL                    	           0 	   0 	        1 	\other\Data\BEF\Develop_testing_3\                                                                                                                                                     	      1 	         1
     2192 	pdmex                                                                                             	2021-12-14 16:31:15.000 	NULL                    	           0 	   0 	        2 	\pdmex\                                                                                                                                                                                	      0 	         1
     2193 	other                                                                                             	2021-12-14 16:39:34.000 	NULL                    	           0 	   0 	        2 	\other\                                                                                                                                                                                	      0 	         1
     2195 	D123455-EDM                                                                                       	2022-01-12 12:20:15.090 	NULL                    	           0 	   0 	        0 	\altium\D123455-EDM\                                                                                                                                                                   	      1 	         1
     2198 	blablBLA                                                                                          	2022-01-19 07:54:58.000 	NULL                    	           0 	   0 	        2 	\other\Data\blablBLA\                                                                                                                                                                  	      0 	         1
     2199 	TEST FOLDER IN OTHER                                                                              	2022-01-19 07:55:09.000 	NULL                    	           0 	   0 	        2 	\other\TEST FOLDER IN OTHER\                                                                                                                                                           	      0 	         1
     2200 	Demo_varianty_Webinar-EDM                                                                         	2022-01-19 12:12:33.483 	NULL                    	           0 	   0 	        0 	\altium\Demo_varianty_Webinar-EDM\                                                                                                                                                     	      1 	         1
     2201 	honza                                                                                             	2022-01-19 12:52:17.000 	NULL                    	           0 	   0 	        2 	\other\Data\honza\                                                                                                                                                                     	      0 	         1
     2202 	Demo_varianty_4_Channels-EDM                                                                      	2022-01-19 13:09:28.433 	NULL                    	           0 	   0 	        0 	\altium\Demo_varianty_4_Channels-EDM\                                                                                                                                                  	      1 	         1
     2203 	Demo_varianty_4_Channels-EDM                                                                      	2022-01-19 13:18:52.520 	NULL                    	           0 	   0 	        1 	\altium\Demo_varianty_4_Channels-EDM\                                                                                                                                                  	      1 	         1
     2204 	shared                                                                                            	2022-01-20 07:43:17.000 	NULL                    	           0 	   0 	        2 	\altium\shared\                                                                                                                                                                        	      0 	         1
     2205 	Demo_varianty_Webinar-EDM                                                                         	2022-01-20 07:45:27.937 	NULL                    	           0 	   0 	        0 	\altium\Demo_varianty_Webinar-EDM\                                                                                                                                                     	      0 	         1
     2206 	Demo_varianty_4_Channels-EDM                                                                      	2022-01-20 07:47:22.523 	NULL                    	           0 	   0 	        0 	\altium\Demo_varianty_4_Channels-EDM\                                                                                                                                                  	      0 	         1
     2207 	Kame_FMU-EDM                                                                                      	2022-01-20 07:49:39.437 	NULL                    	           0 	   0 	        0 	\altium\Kame_FMU-EDM\                                                                                                                                                                  	      0 	         1
     2208 	Demo_varianty_Full-EDM                                                                            	2022-01-20 07:54:16.460 	NULL                    	           0 	   0 	        0 	\altium\Demo_varianty_Full-EDM\                                                                                                                                                        	      0 	         1
     2209 	mechanical                                                                                        	2022-01-20 08:03:33.000 	NULL                    	           0 	   0 	        2 	\altium\mechanical\                                                                                                                                                                    	      0 	         1
     2210 	Demo_varianty_Alternate_Parts-EDM                                                                 	2022-01-27 12:37:45.457 	NULL                    	           0 	   0 	        0 	\altium\Demo_varianty_Alternate_Parts-EDM\                                                                                                                                             	      0 	         1
     2211 	Kame_PDB_Default-EDM                                                                              	2022-01-27 14:54:50.513 	NULL                    	           0 	   0 	        0 	\altium\Kame_PDB_Default-EDM\                                                                                                                                                          	      0 	         1